full_name,age,email,phone,participant_id
Jo√£o Carlos Silva,35,joao.silva@email.com,11999887766,P001
Maria Aparecida Santos,28,maria.santos@email.com,11998776655,P002
Pedro Henrique Oliveira,42,pedro.oliveira@email.com,11997665544,P003
Ana Paula Ferreira,31,ana.ferreira@email.com,11996554433,P004
Carlos Eduardo Souza,45,carlos.souza@email.com,11995443322,P005
Juliana Costa Lima,26,juliana.lima@email.com,11994332211,P006
Roberto Alves Pereira,38,roberto.pereira@email.com,11993221100,P007
Fernanda Rodrigues,29,fernanda.rodrigues@email.com,11992110099,P008
Lucas Mendes Barbosa,33,lucas.barbosa@email.com,11991009988,P009
Patricia Gomes Castro,40,patricia.castro@email.com,11990998877,P010